{
    "model_choice": "base_13b",
    "num_examples": 25,
    "bleu": 0.14194144332709838,
    "cer": 0.7864731250657411,
    "rougeL": 0.24828132511141116,
    "chrf": 27.718814581695767,
    "generation_time_s": 571.2576756477356,
    "avg_generation_time_s": 22.850307025909423
}